mm,oc,rh,lv
13.6,-0.2,68,서울
46.6,0.7,62,서울
11.2,7.6,58,서울
76.5,12,59,서울
155.5,16.4,65,서울
99.6,20.9,66,서울
270.1,24.8,81,서울
418.8,24.8,77,서울
168.5,20.9,71,서울
33.6,14,70,서울
89.5,6.2,67,서울
71.4,1.5,65,서울
2.2,-1.9,62,서울
69.5,1,63,서울
29.2,5.8,63,서울
85.5,10.6,63,서울
135.7,18.2,64,서울
198.2,21.3,78,서울
424.4,23.3,77,서울
197.8,23.2,80,서울
56.1,21.2,67,서울
15.4,13.4,61,서울
66.6,8.5,70,서울
12.1,-0.2,62,서울
6.5,-0.9,58,서울
14.8,0.8,55,서울
31.7,4,60,서울
44.9,15.2,53,서울
152.4,17.9,67,서울
85,22.8,68,서울
139.5,28.5,79,서울
232.7,27.6,76,서울
60.7,21,69,서울
214.5,15.2,71,서울
49.6,9.3,63,서울
23.5,1.1,60,서울
11.6,-2.1,52,서울
5.2,1.2,56,서울
60.6,6,64,서울
44.4,11.3,54,서울
60.6,17.1,58,서울
70.7,21.6,71,서울
436.1,24.5,81,서울
786.6,26,85,서울
47.2,20,68,서울
39.3,15.5,61,서울
32.9,6.2,57,서울
3.4,-1,55,서울
16.3,-2.2,51,서울
1,-1.6,47,서울
77.9,4.9,54,서울
62,10.2,52,서울
29.3,18.4,58,서울
249.7,22.3,75,서울
512.8,24.4,76,서울
132.4,26,73,서울
11,22,66,서울
90.3,14.5,63,서울
62.9,6.1,64,서울
11,1.6,59,서울
16.8,-3.3,58,서울
39.6,0.7,54,서울
25.3,6.8,56,서울
56.1,13,55,서울
291.3,17,66,서울
110,23.4,65,서울
299.6,26.1,80,서울
117.2,26.8,71,서울
76.9,20.2,63,서울
45.5,13.4,55,서울
93.8,8.8,61,서울
38.1,1.8,59,서울
10.4,-1.3,59,서울
32.3,3.4,59,서울
45.1,7.3,58,서울
120.2,15.6,65,서울
121.5,19,59,서울
234.1,21.9,67,서울
311.8,24.9,75,서울
1237.8,25,79,서울
177.9,23,70,서울
27.4,17,67,서울
26.9,7.3,61,서울
3.7,2.3,60,서울
10.2,-0.8,58,서울
2.9,0.7,60,서울
55,6.7,50,서울
97.2,13.9,59,서울
109.7,17.5,66,서울
131.8,23.1,68,서울
230.4,25.9,73,서울
600.5,26,74,서울
377.3,22.9,76,서울
81.6,14.3,71,서울
19.5,7.9,65,서울
17,0.4,64,서울
42.8,-2.1,64,서울
2.1,-1.7,56,서울
3.1,6.3,55,서울
30.7,11.9,56,서울
75.2,17.5,66,서울
68.1,23.7,65,서울
114.7,26.8,74,서울
599.4,26.2,79,서울
178.5,20.7,71,서울
18.1,14.9,64,서울
27.1,7,57,서울
27,0.9,58,서울
39.4,-4.1,62,서울
45.7,-0.3,60,서울
18.1,5,51,서울
12.3,13.6,50,서울
16.5,19.1,61,서울
157.4,22.5,71,서울
698.4,25.9,76,서울
252,26.5,69,서울
49.3,22.5,58,서울
68.2,16.5,65,서울
13,7,58,서울
15.7,-0.6,49,서울
37.4,0.3,63,서울
2.4,2.9,55,서울
31.5,7.6,55,서울
155.1,13.6,53,서울
58,18.2,62,서울
61.4,22.2,62,서울
220.6,25.2,74,서울
688,24.2,79,서울
61.1,21.6,67,서울
45,12.8,60,서울
12.5,4,56,서울
15,1.7,60,서울
14.1,-2.5,60,서울
39.6,2.7,62,서울
26.8,6.5,58,서울
139.6,13.2,60,서울
106,19.6,57,서울
156,21.5,69,서울
469.8,23.8,75,서울
684.2,24.1,77,서울
258.2,20.9,72,서울
41.5,13.9,61,서울
69.3,9.5,66,서울
6.9,0.7,59,서울
19.8,-1.5,59,서울
54.6,2.3,56,서울
27.6,6.3,49,서울
74.1,13.1,51,서울
168.5,17.6,68,서울
138.1,23.2,64,서울
510.7,24.8,82,서울
193.3,26.1,71,서울
198.7,21.7,69,서울
6.5,15.2,54,서울
80,9.1,66,서울
27.2,1.9,56,서울
4.5,-2.5,52,서울
17.2,-1.9,49,서울
12.5,4.1,54,서울
94.7,13.2,53,서울
85.8,17.7,55,서울
168.5,22.7,69,서울
269.4,25.3,76,서울
285,25.1,75,서울
313.3,21.8,71,서울
52.6,14.7,65,서울
44.6,8.6,55,서울
10.3,-3.9,51,서울
34.3,-0.2,57,서울
15.7,0.1,53,서울
14,5.2,51,서울
51.8,11.6,55,서울
156.2,18.4,57,서울
168.5,21.8,68,서울
1014,23.1,82,서울
121.2,27,69,서울
11.1,21.1,58,서울
30.2,17.9,62,서울
47.6,8.4,58,서울
17.3,1.4,59,서울
10.8,0.4,56,서울
12.6,4,53,서울
123.5,6.1,60,서울
41.1,11.4,53,서울
137.6,18.1,62,서울
54.5,23.2,61,서울
274.1,24.2,75,서울
237.6,26.5,75,서울
241.9,21.5,74,서울
39.5,15.1,63,서울
26.4,6.7,55,서울
12.7,1.8,60,서울
17.7,-1.7,50,서울
15,-1.2,46,서울
53.9,7.3,56,서울
38.5,14.1,50,서울
97.7,17.7,58,서울
165,21.5,65,서울
530.8,25.1,78,서울
251.2,25.3,70,서울
99.2,22,64,서울
41.8,16.1,62,서울
19.6,7.6,58,서울
25.9,1.1,56,서울
5.7,-2,50,서울
36.9,2.9,57,서울
63.9,6,52,서울
66.5,12.7,54,서울
109,19.1,59,서울
132,22.4,66,서울
659.4,24.3,76,서울
285.3,25.7,69,서울
64.5,21.8,64,서울
66.9,16,62,서울
52.4,6.9,64,서울
21.5,-1,60,서울
29.3,-4.5,65,서울
55.3,1.4,59,서울
82.5,4.3,59,서울
62.8,9.5,54,서울
124,17.2,62,서울
127.6,23.4,62,서울
239.2,25.8,74,서울
598.7,26.5,78,서울
671.5,21.8,72,서울
25.6,14.5,61,서울
10.9,6.5,55,서울
16.1,-1.3,56,서울
8.9,-7.2,54,서울
29.1,1.2,55,서울
14.6,3.6,51,서울
110.1,10.7,54,서울
53.4,17.9,57,서울
404.5,22,67,서울
1131,24.6,79,서울
166.8,25.8,74,서울
25.6,21.8,58,서울
32,14.2,55,서울
56.2,10.7,61,서울
7.1,-0.9,51,서울
6.7,-2.8,49,서울
0.8,-2,43,서울
47.4,5.1,52,서울
157,12.3,54,서울
8.2,19.7,48,서울
91.9,24.1,54,서울
448.9,25.4,74,서울
464.9,27.1,68,서울
212,21,65,서울
99.3,15.3,58,서울
67.8,5.5,57,서울
41.4,-4.1,57,서울
22.1,-3.4,57,서울
74.1,-1.2,54,서울
27.3,5.1,49,서울
71.7,10,54,서울
132,18.2,58,서울
28.3,24.4,60,서울
676.2,25.5,79,서울
148.6,27.7,69,서울
138.5,21.8,63,서울
13.5,15.8,59,서울
46.8,6.2,58,서울
24.7,-0.2,60,서울
13,-0.7,50,서울
16.2,1.9,52,서울
7.2,7.9,60,서울
31,14,60,서울
63,18.9,59,서울
98.1,23.1,73,서울
207.9,26.1,74,서울
172.8,25.2,77,서울
88.1,22.1,69,서울
52.2,15.6,63,서울
41.5,9,61,서울
17.9,-2.9,56,서울
11.3,-0.9,56,서울
22.7,1,59,서울
9.6,6.3,45,서울
80.5,13.3,55,서울
28.9,18.9,53,서울
99,23.6,60,서울
226,25.8,71,서울
72.9,26.3,70,서울
26,22.4,56,서울
81.5,15.5,61,서울
104.6,8.9,74,서울
29.1,1.6,60,서울
1,-3.2,53,서울
47.6,0.2,52,서울
40.5,7,51,서울
76.8,14.1,55,서울
160.5,19.6,56,서울
54.4,23.6,63,서울
358.2,26.2,73,서울
67.1,28,64,서울
33,23.1,65,서울
74.8,16.1,62,서울
16.7,6.8,57,서울
61.1,1.2,59,서울
14.9,-1.8,55,서울
11.1,-0.2,54,서울
7.9,6.3,48,서울
61.6,13.9,52,서울
16.1,19.5,52,서울
66.6,23.3,57,서울
621,26.9,77,서울
297,25.9,71,서울
35,22.1,61,서울
26.5,16.4,56,서울
40.7,5.6,54,서울
34.8,-1.9,56,서울
8.5,-4,48,서울
29.6,-1.6,45,서울
49.5,8.1,59,서울
130.3,13,55,서울
222,18.2,63,서울
171.5,23.1,63,서울
185.6,27.8,68,서울
202.6,28.8,65,서울
68.5,21.5,61,서울
120.5,13.1,59,서울
79.1,7.8,58,서울
16.4,-0.6,46,서울
0,-0.9,46,서울
23.8,1,47,서울
26.8,7.1,51,서울
47.3,12.1,51,서울
37.8,19.4,47,서울
74,22.5,61,서울
194.4,25.9,69,서울
190.5,27.2,69,서울
139.8,22.6,65,서울
55.5,16.4,62,서울
78.8,7.6,56,서울
22.6,1.4,58,서울
60.5,1.6,56,서울
53.1,2.5,58,서울
16.3,7.7,46,서울
16.9,11.1,50,서울
112.4,18,67,서울
139.6,23.9,68,서울
270.4,24.1,77,서울
675.7,26.5,85,서울
181.5,21.4,71,서울
0,14.3,61,서울
120.1,8,64,서울
4.6,-0.3,58,서울
18.9,-2.4,58,서울
7.1,2.7,56,서울
110.9,9,63,서울
124.1,14.2,54,서울
183.1,17.1,68,서울
104.6,22.8,73,서울
168.3,28.1,71,서울
211.2,25.9,74,서울
131,22.6,71,서울
57,15.6,70,서울
62.4,8.2,68,서울
7.9,0.6,62,서울
5.5,-2.2,55,서울
4.7,-1.1,55,서울
102.6,7.7,62,서울
20.4,14.8,55,서울
7.5,19.1,55,서울
26,5,52,부산
58.9,5,51,부산
89.4,9.3,65,부산
217.4,14,62,부산
139.9,16.9,68,부산
50,19.9,75,부산
99.2,24.4,84,부산
361.3,24.8,83,부산
174.3,22.7,74,부산
27.6,16.9,64,부산
21.8,11.2,58,부산
43.1,7,51,부산
43.1,3.4,52,부산
84.9,5.9,49,부산
73.9,8.2,60,부산
39.3,13.4,57,부산
161.2,17.2,75,부산
160.6,20.2,86,부산
252.4,21.8,88,부산
630.3,22.8,88,부산
44.8,21.7,73,부산
48.6,16.5,63,부산
57.3,12.2,68,부산
18.9,5.1,53,부산
42,3.9,50,부산
44.4,5.2,50,부산
31.5,7.4,52,부산
123.5,15,64,부산
258.9,18,70,부산
86.4,20.5,77,부산
134.9,27.9,79,부산
34.5,28.1,77,부산
60.4,23.1,65,부산
90.7,17.9,67,부산
46.3,13.8,62,부산
6.4,6.9,50,부산
35.8,2.9,47,부산
17.1,5.6,56,부산
88,9,63,부산
124,13.3,61,부산
141.6,17,68,부산
137.4,20,80,부산
254.5,24.1,89,부산
107.9,27.3,82,부산
53.1,21.4,69,부산
41.3,18,64,부산
5,10.7,51,부산
0,4.6,47,부산
33.8,3.8,44,부산
6.9,3.4,47,부산
171.1,7.9,56,부산
115.9,12.2,52,부산
46.8,18,66,부산
327.1,20.5,86,부산
284.8,23.8,85,부산
140.4,26.2,79,부산
26.7,22.6,74,부산
42.3,17.8,64,부산
65.4,11.4,58,부산
28.4,6.4,47,부산
9.3,3,41,부산
18.1,5.8,50,부산
57.8,9.8,55,부산
93.8,14,65,부산
289.4,17.9,76,부산
286.1,22.2,76,부산
216.3,24.5,85,부산
235.1,25.9,80,부산
35.4,21.9,69,부산
0.4,17.3,56,부산
266.4,13.2,65,부산
90,6.7,54,부산
79.7,3.6,51,부산
91.9,7.3,57,부산
82.7,10.2,52,부산
259.7,15.5,76,부산
152.8,19,70,부산
447,20.3,83,부산
223.6,24.5,86,부산
335.8,26.2,82,부산
200.3,24.1,72,부산
136.3,19.4,69,부산
16.5,12,59,부산
2.5,7.8,47,부산
42.9,4.3,47,부산
35.6,5.3,45,부산
159.7,9.5,60,부산
80.2,14.4,64,부산
187.6,18.2,66,부산
278.2,21.2,76,부산
556.7,23.5,81,부산
582.9,25.2,83,부산
320.2,23.8,81,부산
130.5,17.7,65,부산
22.2,11.7,57,부산
0,5.7,47,부산
25.9,4.2,53,부산
0,3.2,38,부산
48.1,9.1,52,부산
65.4,13.2,63,부산
72,17.3,76,부산
93.7,20.4,82,부산
337.4,25.3,87,부산
325.2,26.7,85,부산
163.5,21.9,79,부산
42.4,18.2,69,부산
72.2,12.1,61,부산
2.7,7.3,46,부산
60.4,2.7,54,부산
53.3,5.7,49,부산
6.1,9.6,52,부산
42.4,15,59,부산
57.8,19,73,부산
274.9,21.6,83,부산
271.5,26,87,부산
144.7,26.9,78,부산
74.4,22.7,73,부산
144.2,18.5,71,부산
12.9,11.4,52,부산
28.7,4.8,45,부산
84.8,4.8,55,부산
12.3,6.6,44,부산
117.1,10.7,56,부산
384.8,14.4,65,부산
122.6,17,74,부산
76,20.9,72,부산
304.6,24,85,부산
696.3,24.2,84,부산
98.9,21.7,71,부산
96.8,16.4,62,부산
11.2,8.8,46,부산
79.8,6.5,53,부산
23.3,2.5,44,부산
51.6,6.3,53,부산
77.5,8.6,60,부산
232,13.8,69,부산
418.5,16.9,72,부산
355,20.8,78,부산
657.7,21.3,87,부산
278,24.1,82,부산
160.3,22.5,74,부산
2.5,16.6,55,부산
57.5,13.1,67,부산
14.4,5.2,43,부산
1.4,2.8,42,부산
77.5,6.6,44,부산
48.1,8.8,51,부산
215,14,57,부산
210.6,17.3,72,부산
189.1,21,67,부산
91.7,24.2,79,부산
249,25.2,73,부산
231.2,22,73,부산
14.8,16.8,59,부산
32,12.5,57,부산
26.1,7.4,47,부산
15.7,2,42,부산
36.8,2.5,46,부산
142.4,7.1,51,부산
118.9,14,58,부산
168,17.1,64,부산
145,21,76,부산
314.4,23.8,82,부산
210.8,25.8,76,부산
176.5,22.8,76,부산
21.5,17.1,61,부산
30.9,11.6,47,부산
3,1.2,37,부산
24.4,3.9,46,부산
36.3,4,49,부산
24.7,8,50,부산
166.3,12.2,63,부산
257.6,16.3,72,부산
175.4,20.3,75,부산
591.7,22.6,85,부산
68,27.5,74,부산
132.8,21.3,69,부산
13.1,20,65,부산
30.5,13.1,53,부산
7.5,6.6,47,부산
4.6,5.2,43,부산
115,7.9,53,부산
75.5,9.1,55,부산
65.5,13.2,53,부산
116.6,17.8,65,부산
94.5,20.5,74,부산
301.5,22.8,80,부산
128.1,26.7,78,부산
210.2,22.9,76,부산
119,18.3,64,부산
0,11.9,47,부산
46,7.3,51,부산
35.7,4.7,54,부산
19.1,3.8,38,부산
73.7,9.5,60,부산
80.5,13.9,63,부산
191.3,17.4,69,부산
186.5,19.7,76,부산
107.1,25.6,83,부산
368.5,25,75,부산
22.2,22.9,72,부산
52.2,19.1,62,부산
22,11.6,56,부산
9.5,6.6,48,부산
17,3.5,45,부산
79,8.3,59,부산
72.7,9.8,55,부산
95.5,14.3,58,부산
173.4,18.6,65,부산
187.9,21.4,74,부산
886.1,23.3,84,부산
84.8,25,74,부산
20,22.7,68,부산
74.4,18.8,55,부산
69,11.1,58,부산
13.1,5.4,44,부산
37.6,3,41,부산
91.1,5.8,57,부산
132.9,7.8,62,부산
146.3,11.5,60,부산
186.8,17.2,67,부산
94.4,22,68,부산
291.9,25.2,83,부산
165.3,27.9,81,부산
182.5,24.1,72,부산
72.6,18.2,63,부산
2,11.3,46,부산
38.5,5.2,47,부산
0,-0.7,35,부산
70.9,6.1,56,부산
31.2,7.4,43,부산
100,13.1,59,부산
170,17.3,70,부산
243.2,21.3,79,부산
418.1,25.1,79,부산
110,25.8,78,부산
56.8,23.3,66,부산
142.5,17.6,58,부산
128.7,14.1,60,부산
7.2,4.4,41,부산
19.5,2.8,42,부산
22.1,2.8,45,부산
173.9,8.3,55,부산
213.8,14,58,부산
36.1,18.9,59,부산
97.8,21.6,71,부산
502,25.5,78,부산
169.4,27.5,72,부산
356,22.2,70,부산
146.5,17.8,54,부산
83.5,10.1,48,부산
162.7,2.9,48,부산
22.5,2.5,42,부산
46.6,4.7,43,부산
93.7,10.2,53,부산
136.2,12.6,50,부산
201,18.2,61,부산
159,21.9,74,부산
131,26.1,76,부산
144.5,28,67,부산
30.2,23.7,61,부산
91.2,18.9,56,부산
61.6,10.9,52,부산
12.6,5.4,48,부산
9.6,5,41,부산
44.1,5.8,62,부산
136.7,9.8,60,부산
147.8,14.6,59,부산
145.9,18.7,69,부산
44.5,21.4,80,부산
169.3,24.8,85,부산
642.2,24.2,86,부산
128.7,22.7,75,부산
162.5,17.9,68,부산
40.5,12.7,61,부산
21.3,3.5,50,부산
50.7,4.7,53,부산
30.5,5.4,54,부산
76.5,9.5,54,부산
268,13.9,69,부산
183,18.8,67,부산
69.2,21,80,부산
176.7,23.9,83,부산
132.5,26.1,79,부산
172,22.1,74,부산
62,18.1,62,부산
124.1,13.6,73,부산
51.5,7.9,59,부산
59.5,3.1,49,부산
63.7,5.5,48,부산
133.5,9.9,61,부산
198.5,15.1,66,부산
108.8,19.3,64,부산
115.2,21.9,80,부산
188.8,25.3,85,부산
141.5,27.7,72,부산
407.9,22.9,80,부산
182.4,18.7,73,부산
56.6,11.8,61,부산
103.8,7.3,54,부산
12,4.1,46,부산
33.8,5.5,45,부산
35.7,9,53,부산
105.1,15,64,부산
39.2,19,63,부산
49.8,21.3,70,부산
172.1,26.1,82,부산
82.5,27,74,부산
335,22.6,69,부산
138.3,18.1,68,부산
0.3,11.2,49,부산
10.6,3.6,40,부산
40.9,1.9,45,부산
52.5,3.9,42,부산
206.1,10,63,부산
156.4,14.5,63,부산
155.8,17.8,73,부산
276.7,21.5,75,부산
122.1,26.7,78,부산
169.7,27.9,75,부산
308.4,21.9,76,부산
123.7,16.4,62,부산
107.3,12.4,57,부산
59,5.7,49,부산
12.7,4.5,39,부산
51.5,6.6,50,부산
75.4,10.5,54,부산
85,13.4,60,부산
76.1,19.3,58,부산
324.3,21.1,74,부산
358.9,24.3,85,부산
156.3,27,78,부산
279,23.1,82,부산
139.9,18.6,67,부산
13.8,13,58,부산
50.3,7,50,부산
127.7,6.4,57,부산
94.9,7.1,55,부산
58.8,10.4,57,부산
83.5,12.6,53,부산
96.2,17.9,73,부산
321.1,22.4,73,부산
796.8,22.1,87,부산
399.2,27.2,82,부산
230.5,21.9,74,부산
26.4,17.3,58,부산
36.3,12.4,52,부산
10.2,4.3,43,부산
25.8,3.3,50,부산
49.5,7.2,51,부산
127.5,11.4,64,부산
107.1,14.7,56,부산
139.2,17.7,68,부산
232.3,21.9,76,부산
399.9,26.3,80,부산
481.2,26.2,82,부산
164.7,22.9,79,부산
18.2,18.7,67,부산
57.9,12.5,56,부산
4.5,6,50,부산
0,4,41,부산
0,3.6,44,부산
127.4,10.5,65,부산
130.6,14.9,64,부산
5.4,19,60,부산
13.8,-2.3,71,춘천
59.7,-1.1,64,춘천
10.4,6,64,춘천
64.3,11.4,62,춘천
123.6,15.9,68,춘천
75,20.4,71,춘천
142.3,24.8,80,춘천
277.5,23.9,81,춘천
142.5,19.3,81,춘천
55,12,79,춘천
60.9,4.4,78,춘천
76.5,-1,81,춘천
10,-3.7,80,춘천
49.1,-0.2,70,춘천
22.5,4.3,68,춘천
83.5,10.4,61,춘천
184.9,17.5,69,춘천
170.7,21.7,77,춘천
318.4,22.5,79,춘천
199.9,22.2,82,춘천
45.7,19,77,춘천
13.8,11,72,춘천
49.5,7.2,74,춘천
13,-1.5,73,춘천
10.2,-2.8,71,춘천
4.6,-1.5,69,춘천
21.7,3.2,60,춘천
35,13.6,55,춘천
130.6,16.7,69,춘천
99.9,21.6,70,춘천
128.5,27.4,80,춘천
248.5,25.8,83,춘천
59.9,18.6,81,춘천
137.3,12.6,81,춘천
45.5,6.5,78,춘천
9.2,-1.1,71,춘천
8.4,-4.5,65,춘천
7.6,-1.5,69,춘천
53.5,3.8,73,춘천
43,10.1,58,춘천
45.9,15.8,60,춘천
54.2,20.4,67,춘천
453.9,23.9,84,춘천
774.7,24.9,86,춘천
74.2,17.9,82,춘천
25.8,12.9,78,춘천
47.4,3.3,74,춘천
4.5,-3.6,74,춘천
17.5,-4.7,69,춘천
5.3,-3.3,65,춘천
70.4,3.1,69,춘천
54.2,9.2,65,춘천
23.3,17.5,71,춘천
236.1,22,86,춘천
545.7,23.5,87,춘천
74.3,24.6,87,춘천
35.7,19.2,81,춘천
64.8,11.7,81,춘천
45,3.9,78,춘천
13.4,-1.8,78,춘천
18.5,-5.8,75,춘천
31.7,-1.6,71,춘천
16.3,5.1,69,춘천
32.3,11.9,66,춘천
281.9,15.8,78,춘천
110.7,21.6,79,춘천
241.3,25.1,83,춘천
155.4,25.3,82,춘천
127.9,17.9,80,춘천
29.5,11.2,74,춘천
94.6,5.9,82,춘천
35.6,-0.9,79,춘천
13.4,-2.8,72,춘천
34.1,0.7,75,춘천
32.4,6.2,67,춘천
131.6,14.7,74,춘천
92.2,17.8,74,춘천
183.3,21,78,춘천
366,24,82,춘천
663.9,24.3,85,춘천
83.5,21.1,82,춘천
36.2,14.6,81,춘천
67.1,5,78,춘천
3.9,-0.1,76,춘천
5.6,-3.1,68,춘천
1.3,-1,68,춘천
47.2,4.7,66,춘천
75,12.3,68,춘천
103.8,16.6,72,춘천
93.4,22.1,76,춘천
226.1,24.9,80,춘천
563,24.5,83,춘천
348.3,21.5,84,춘천
93.1,12.1,83,춘천
19.3,4.8,81,춘천
10.8,-2.6,77,춘천
46.6,-3,70,춘천
4,-3.2,60,춘천
14.3,4.9,55,춘천
15.3,10.8,54,춘천
80.1,16.7,71,춘천
113.2,22.7,67,춘천
182.2,26,75,춘천
481.6,24.6,81,춘천
139.8,18.5,77,춘천
16.9,12.1,77,춘천
25.4,4.1,70,춘천
35.5,-1.5,68,춘천
32.8,-6.7,68,춘천
30.5,-2.5,68,춘천
14.8,3.3,58,춘천
13.6,12.3,49,춘천
12.3,18.8,57,춘천
178,22.5,70,춘천
520.3,25.4,78,춘천
193.4,25.2,75,춘천
8.9,20,69,춘천
72.6,14.2,77,춘천
12.3,4,71,춘천
18.5,-2.9,60,춘천
62.2,-2.8,70,춘천
4.6,0.5,59,춘천
36.7,7.1,53,춘천
143.8,13.2,54,춘천
55.6,17.9,63,춘천
79.6,21.7,65,춘천
214.6,25.2,75,춘천
413.2,24.1,80,춘천
55,19.7,76,춘천
70.3,11,71,춘천
14.3,2.2,62,춘천
27.8,-1,72,춘천
15.9,-5.2,68,춘천
36,0.5,68,춘천
27.3,5.1,62,춘천
147,11.7,63,춘천
125.5,18.2,63,춘천
121.9,21.3,73,춘천
340.9,23.7,77,춘천
632.7,23.6,83,춘천
313,19.8,82,춘천
33.1,11.2,75,춘천
66,7.4,73,춘천
6.5,-1.5,65,춘천
10.9,-4.1,63,춘천
58.8,0.5,55,춘천
20.4,5.1,49,춘천
59.7,12.4,52,춘천
135,17.3,69,춘천
105.7,22.6,69,춘천
532.3,24.7,83,춘천
215.6,24.7,76,춘천
193.6,20.4,77,춘천
1.8,12.7,67,춘천
43,6.9,72,춘천
27.2,-0.1,70,춘천
3.7,-4,56,춘천
30.8,-3.1,54,춘천
17.5,3.9,54,춘천
86.5,12.9,51,춘천
72.3,17.1,59,춘천
160,23,69,춘천
321.7,25.4,77,춘천
340.5,24.5,77,춘천
210.5,20.3,74,춘천
32.3,12.8,72,춘천
48.8,5.6,67,춘천
9.6,-6,60,춘천
34.2,-2.8,66,춘천
13.5,-0.9,56,춘천
18,4.3,51,춘천
81,10.7,57,춘천
125.8,17.6,62,춘천
164,21.6,71,춘천
908.2,23.1,81,춘천
136.8,26,75,춘천
19.8,18.9,73,춘천
81.5,15.1,78,춘천
62,6,72,춘천
14.6,-1.4,75,춘천
6.3,-2.4,72,춘천
12,1.5,67,춘천
109.3,4.9,69,춘천
45.1,10.7,62,춘천
138.5,17.6,69,춘천
53.9,22.3,70,춘천
217.9,23.9,81,춘천
446,25.3,86,춘천
286.1,20.4,82,춘천
26.7,13.2,78,춘천
22.3,4.4,74,춘천
10.8,-0.9,76,춘천
9.7,-3.7,67,춘천
5.4,-2.9,55,춘천
61.6,5.5,67,춘천
34,12.6,59,춘천
108.2,16.8,66,춘천
170.1,20.5,72,춘천
597.3,25.1,80,춘천
297.5,24.1,77,춘천
83.3,19.7,79,춘천
28.5,13.6,78,춘천
13.6,5.1,73,춘천
30.2,-1.1,71,춘천
3.4,-4.7,66,춘천
31.2,1.5,66,춘천
55.4,5.5,59,춘천
62,11.6,59,춘천
97.9,18.2,65,춘천
156.9,21.5,73,춘천
627.7,23.8,77,춘천
279.4,24.1,75,춘천
23.3,19.6,77,춘천
41.9,13.3,74,춘천
49.4,5.5,70,춘천
18.4,-2.5,69,춘천
40.6,-6.5,71,춘천
35.4,-0.1,66,춘천
65.8,3.8,65,춘천
64.2,9.2,57,춘천
106.1,17.2,63,춘천
54.9,22.9,68,춘천
220.5,25.5,77,춘천
468.1,26,82,춘천
448.5,20.3,80,춘천
31.1,12.6,76,춘천
13.9,4.2,67,춘천
32.3,-3.2,68,춘천
5.3,-9.5,65,춘천
34.5,-0.6,66,춘천
12.7,3.2,55,춘천
116.6,10.1,58,춘천
119.5,17.1,63,춘천
459.6,21.9,71,춘천
932.5,24.4,86,춘천
161.1,25.1,82,춘천
64.5,19.6,73,춘천
23.6,11.8,74,춘천
82.8,8.2,72,춘천
16.6,-3,68,춘천
6.9,-5.2,65,춘천
1.7,-3.8,53,춘천
38.6,4.1,58,춘천
148.5,11.7,58,춘천
42.6,18.2,60,춘천
116.4,23.1,64,춘천
285.9,25,79,춘천
352.7,25.9,79,춘천
146,19.1,83,춘천
76.3,12.6,78,춘천
59.3,3.7,73,춘천
49.4,-6.2,74,춘천
33.3,-7.2,80,춘천
60.6,-2.9,65,춘천
35.5,4.4,59,춘천
69.1,9.1,62,춘천
109.8,17.9,64,춘천
71.1,23.8,68,춘천
871.3,25.3,82,춘천
214.1,26.7,82,춘천
172.1,20.3,82,춘천
7.9,13.8,77,춘천
62.3,4.5,73,춘천
31.8,-2.5,80,춘천
10.4,-2.3,69,춘천
19.1,0.4,67,춘천
6.8,7,59,춘천
25.5,13.5,61,춘천
66.6,18.9,61,춘천
64,23.1,72,춘천
117.3,25.7,77,춘천
169.9,24.1,83,춘천
88.7,20.3,80,춘천
60.4,13.2,78,춘천
28.6,6.8,73,춘천
17.1,-5.1,66,춘천
18.2,-2.7,72,춘천
27.3,-0.3,68,춘천
13.5,5.5,50,춘천
106.7,12.3,60,춘천
34.7,19.1,58,춘천
46.8,23.4,66,춘천
233.6,25,78,춘천
46.8,25.6,80,춘천
4.8,20.4,73,춘천
61,13.7,75,춘천
142.1,7.9,83,춘천
22.3,0,75,춘천
0.4,-4.7,64,춘천
54.8,-1.2,60,춘천
49.6,5.9,60,춘천
98,14,58,춘천
109.1,18.9,65,춘천
93.2,23.4,71,춘천
617.1,25.2,84,춘천
33.2,26.5,79,춘천
76.2,21.2,81,춘천
108.2,14.6,79,춘천
14.9,5.4,74,춘천
79.1,0.1,75,춘천
15.1,-3,68,춘천
13,-1.2,65,춘천
15.9,5,62,춘천
56.5,13.6,58,춘천
22,19.1,60,춘천
88.9,22.8,65,춘천
530.4,26.6,86,춘천
343.1,24.5,84,춘천
32.2,19.5,80,춘천
50,13.9,78,춘천
23.1,3.7,69,춘천
27,-3.9,69,춘천
5.9,-5.5,62,춘천
36.5,-3,54,춘천
32.8,7.3,64,춘천
139.5,12.4,63,춘천
201.9,17.7,70,춘천
104.1,23.1,67,춘천
213.6,26.7,79,춘천
389.5,27.3,77,춘천
69.9,19.6,76,춘천
127.5,10.9,77,춘천
63.5,5.6,77,춘천
16.8,-2.8,64,춘천
1.3,-3.5,59,춘천
29,0,60,춘천
38.7,5.7,62,춘천
49.4,11.3,59,춘천
27.1,19,55,춘천
76.4,22.1,70,춘천
238.6,25.6,76,춘천
192.3,26.2,78,춘천
142.6,21.3,79,춘천
50.3,14.7,76,춘천
63.1,5.6,74,춘천
14.4,-0.1,72,춘천
80,-0.1,70,춘천
54.2,1.4,67,춘천
13.8,7,55,춘천
14.4,10.5,51,춘천
118.3,18.1,68,춘천
75.8,24.2,67,춘천
174.3,23.8,76,춘천
773.7,26.1,84,춘천
157.2,19.7,78,춘천
0.1,11.9,73,춘천
84.2,6.1,68,춘천
4.9,-2.7,65,춘천
17.7,-4.7,65,춘천
6.6,1.2,57,춘천
104.1,7.8,63,춘천
121.7,13.1,57,춘천
172.3,16.4,70,춘천
99.7,22.3,74,춘천
169.5,27.3,76,춘천
129.6,24.9,79,춘천
106,21.3,76,춘천
60.6,14,80,춘천
53,6.3,70,춘천
5.1,-1.2,68,춘천
2.8,-4.2,64,춘천
6.6,-2.4,53,춘천
103,6.6,62,춘천
28.5,14,52,춘천
10.9,18.1,57,춘천
78.5,7.2,65,제주
23.4,6.8,63,제주
227.5,10.3,77,제주
143.5,14.1,68,제주
107.5,17.5,71,제주
72.2,20.1,78,제주
92,26,81,제주
198.3,26.5,81,제주
191.9,23.4,74,제주
7,17.4,74,제주
56.3,12.1,72,제주
34.8,9.6,69,제주
57.3,5.5,68,제주
42.9,7.1,66,제주
94.6,8.9,66,제주
29,13.5,62,제주
141.8,17.4,75,제주
204.9,20.9,83,제주
137.5,23.7,84,제주
578.4,24,85,제주
34.2,22.4,74,제주
60.2,17.3,66,제주
115.6,13.7,74,제주
56.4,7.6,64,제주
37.5,6,66,제주
46,6.7,66,제주
43.5,7.9,61,제주
106.5,15.1,72,제주
24.8,18.8,67,제주
342.3,21,77,제주
72.3,28.4,79,제주
365.3,27.9,79,제주
94,23,65,제주
271.1,18.6,67,제주
17.1,14.9,73,제주
28.5,9.4,72,제주
52.2,6.1,67,제주
55.1,6.8,66,제주
61.3,9.9,68,제주
72.9,13,70,제주
136,17,69,제주
100.9,20.3,85,제주
413.2,25.9,83,제주
336.9,28.3,81,제주
121.2,22.3,75,제주
66.8,18.5,72,제주
33.8,12.2,60,제주
22.6,7.1,67,제주
29.9,5.9,66,제주
21.2,4.5,66,제주
114.1,8.8,67,제주
35.5,12,60,제주
57.2,17.9,70,제주
223.7,22.6,81,제주
48.7,25.1,77,제주
111.7,27.3,75,제주
7.8,23.1,68,제주
100.7,18.1,70,제주
78.8,13.3,64,제주
51.8,9.2,64,제주
23.8,5.3,64,제주
26.6,6.8,64,제주
72.1,10.2,65,제주
170.8,14.3,69,제주
74.6,19,71,제주
79.2,22.9,76,제주
108.3,26.7,81,제주
161.3,26.7,79,제주
44.8,23,70,제주
4.5,18.2,63,제주
157.5,14.3,74,제주
76,9.3,71,제주
170.2,6.7,69,제주
59.7,8.8,71,제주
110.4,9.8,70,제주
196.2,16.1,85,제주
116.5,18.8,79,제주
228.2,21.5,84,제주
111.5,27.4,79,제주
75,28.2,75,제주
413,24.3,77,제주
70.1,19.7,76,제주
19.6,13.4,69,제주
10.7,8.9,65,제주
84,6.8,64,제주
62.4,7,64,제주
110.4,10.5,71,제주
37.5,14.3,71,제주
79,18.4,69,제주
204,21.8,80,제주
706,24,84,제주
642.8,25.6,83,제주
508,24.6,81,제주
41.2,18.5,65,제주
24.9,13,62,제주
25.8,7.9,60,제주
60,6,67,제주
16.3,4.6,59,제주
43.5,9.4,58,제주
32.8,13.5,58,제주
46.2,17.2,67,제주
97.6,21.6,74,제주
166.2,26.4,75,제주
169.6,28,71,제주
331.2,22.2,74,제주
113,18.2,68,제주
93.2,12.4,66,제주
19.8,8.4,59,제주
117,5.6,64,제주
81.9,6.6,62,제주
21.9,9.5,56,제주
62.6,14.1,62,제주
105.4,18.5,68,제주
259.7,22.3,73,제주
123.1,26.7,72,제주
233.9,26.8,70,제주
109.7,23.1,70,제주
123.8,19.5,66,제주
42,12.5,57,제주
107.6,7.4,61,제주
56.6,7.7,60,제주
33.8,7.3,56,제주
59.4,11.4,55,제주
65.1,15.2,62,제주
141.6,17.4,71,제주
118.6,21.6,69,제주
495.7,24.5,85,제주
356.5,25.6,82,제주
143.9,22.6,75,제주
112.3,17.5,67,제주
18.2,10.7,63,제주
102.4,8.5,70,제주
55.9,4.9,66,제주
64.4,7.2,68,제주
164,9.1,68,제주
120.9,14.1,70,제주
284.3,17.9,77,제주
201.9,21.4,76,제주
362.2,24.2,83,제주
245.1,25.9,80,제주
330.4,23.9,75,제주
37.6,17.6,66,제주
112.5,14.4,74,제주
20,8.3,63,제주
40.6,5.5,63,제주
48,8.1,58,제주
57.7,10,58,제주
55.5,14.3,61,제주
124.8,18.1,70,제주
66.1,21.5,75,제주
55.7,27.4,72,제주
405.1,27.2,77,제주
348.5,23.2,77,제주
24.9,18.5,66,제주
51.5,13.9,63,제주
55.4,9.5,65,제주
47,5.4,62,제주
98.3,5.4,65,제주
84.6,8.4,59,제주
33.5,15.4,58,제주
52.8,18,63,제주
11.5,23.2,70,제주
120.7,26.9,73,제주
217.6,27.4,69,제주
9,25.1,69,제주
26.1,19.1,61,제주
92.5,14.2,55,제주
78.9,6,60,제주
57,7.3,62,제주
73.5,6.3,59,제주
43.8,9.7,57,제주
88.4,13.9,58,제주
163.7,17.6,70,제주
271.6,21.1,75,제주
338.7,25.6,74,제주
64.8,27.9,68,제주
261,21.7,68,제주
19.3,19.9,62,제주
83.6,14.8,58,제주
62,9,61,제주
124.5,7.2,58,제주
61,9.1,59,제주
86.2,10.8,59,제주
38.1,13.9,52,제주
50.8,18.9,57,제주
101.9,21.5,75,제주
302.8,24.8,74,제주
231.7,28.1,65,제주
880,23.3,72,제주
167.5,18.3,60,제주
2.6,12,51,제주
92.7,9.6,59,제주
156.8,6.4,61,제주
31,5.1,52,제주
77.5,10,59,제주
85.7,14.2,61,제주
135,17.2,63,제주
260.5,20.8,77,제주
61.5,27.2,72,제주
243.7,26.7,71,제주
126.3,23.9,73,제주
29.3,19.3,63,제주
73.3,13,59,제주
28.2,8.4,56,제주
61.7,5.5,60,제주
113.7,8.7,62,제주
50.9,9.8,54,제주
94.4,13.7,57,제주
52.2,18.6,56,제주
155.8,22.6,66,제주
201.1,25.8,71,제주
240.5,25.6,74,제주
113.3,22.9,71,제주
77.4,19,55,제주
115.3,12.4,62,제주
28.5,7.3,62,제주
34.6,5.3,63,제주
81.7,7.3,66,제주
161.3,9.3,65,제주
210.5,11.8,62,제주
33.6,17.3,66,제주
188,21.2,75,제주
263.9,25.9,76,제주
227.6,28.8,71,제주
179.1,24.2,71,제주
120.3,17.6,65,제주
1.8,11.7,56,제주
82.5,7.1,62,제주
15.6,2.3,63,제주
35.1,7,66,제주
32.4,7.8,55,제주
51.3,13.2,63,제주
66.1,18.2,73,제주
398.6,21.7,83,제주
68.3,27.3,75,제주
423.1,26,82,제주
47.8,23.1,71,제주
49.1,17.9,62,제주
231.3,15.7,70,제주
59.9,7.1,61,제주
32.9,5.4,59,제주
109.1,4.8,65,제주
171.9,9,62,제주
165,14.5,62,제주
99,19,66,제주
104.8,22.3,80,제주
207.3,26.6,85,제주
601.9,27.8,84,제주
499.1,22,81,제주
35.7,18.4,69,제주
90.6,12,68,제주
131,6.6,74,제주
20.5,5.6,70,제주
60.5,6.2,71,제주
55.2,10,71,제주
94.5,13.5,66,제주
59.7,18.6,78,제주
160.5,21.7,91,제주
14.7,28.7,72,제주
74.2,29.1,74,제주
82.1,24,74,제주
113.3,19.2,72,제주
82.1,12.9,65,제주
41.8,8.1,61,제주
50.2,6.8,60,제주
137.5,7.5,69,제주
88.4,10.7,64,제주
52.3,14.8,65,제주
86.7,19.1,63,제주
65.4,21.8,79,제주
288.7,25.1,82,제주
460.3,25.1,84,제주
93.5,23.5,75,제주
92.9,19.1,70,제주
100.3,13.9,68,제주
47.2,7.3,64,제주
82.4,7.4,66,제주
35.5,7.3,64,제주
80.7,10.4,64,제주
147.9,15.1,71,제주
150,18.8,68,제주
186.4,22,80,제주
329.7,25.6,81,제주
248.6,26.4,78,제주
172.9,23.2,73,제주
31,19.2,64,제주
173.2,15.2,76,제주
90,10,66,제주
125.6,6.1,66,제주
40,7.3,60,제주
96.9,10.8,63,제주
121.4,15.6,74,제주
113,18.9,71,제주
162.7,22.2,83,제주
98.6,27.4,80,제주
75.6,28.5,74,제주
172.3,23.9,80,제주
282.4,20.1,76,제주
71.3,13.7,69,제주
56.6,9.5,67,제주
50.7,6.6,66,제주
39.1,6.8,61,제주
48.2,9.8,60,제주
51.4,15.7,64,제주
38.5,19.5,64,제주
60.7,22,77,제주
35.2,29.2,76,제주
159.5,28.7,74,제주
83.4,24,71,제주
162,19.3,72,제주
19.2,12.6,64,제주
25.4,7.2,61,제주
58,4.9,67,제주
86.6,5.5,60,제주
118,11.4,72,제주
112.5,15.9,68,제주
98.8,19.1,76,제주
211.1,22.3,79,제주
48.7,27.3,81,제주
376.5,28.8,78,제주
187.7,23.9,75,제주
347,17.9,64,제주
28.6,13.9,65,제주
96,8.7,68,제주
24.2,6.4,64,제주
37.9,7.4,63,제주
55.5,10.8,63,제주
46.4,14.7,68,제주
42.8,20,56,제주
145.8,21.5,80,제주
510.1,25.2,85,제주
242.3,27.7,77,제주
610.6,24,84,제주
188.6,19.7,69,제주
27.5,14.6,65,제주
48.2,9.7,64,제주
116.7,8.9,66,제주
29.8,9.1,66,제주
81.6,11.5,63,제주
82.3,13.2,56,제주
20.6,18.8,74,제주
221.5,22.4,83,제주
184.7,24.2,85,제주
140.4,29.4,74,제주
400.5,22.9,76,제주
53.7,18.4,61,제주
28.2,14.1,65,제주
29.5,7.7,61,제주
116.6,6.8,65,제주
52.8,9.4,62,제주
81.1,12.5,68,제주
58.8,15.4,63,제주
100.7,19,68,제주
122.4,23.4,75,제주
247.1,27.8,78,제주
227.8,27.3,79,제주
493.1,24.9,84,제주
32.1,20.1,73,제주
63.8,14,66,제주
31.4,8.9,67,제주
33.6,6.2,68,제주
25.1,5.6,62,제주
96.1,11.4,70,제주
84,15.5,70,제주
9.1,19.4,65,제주
